"Name","Calls","TotalDurationNs","AverageNs","Percentage"
"miopenSp3AsmConv_v30_3_1_gfx11_fp32_f2x3_stride1.kd",8437,21227225205,2515968,56.199380611416274
"naive_conv_ab_nonpacked_wrw_nchw_float_double_float.kd",48,2618132317,54544423,6.931542542803684
"Cijk_Alik_Bljk_SB_MT128x128x16_SN_1LDSB0_APM1_ABV0_ACED0_AF0EM1_AF1EM1_AMAS3_ASE_ASGT_ASLT_ASM_ASAE01_ASCE01_ASEM1_AAC0_BL1_BS1_CLR0_DTLA0_DTLB0_DTVA0_DTVB0_DVO0_ETSP_EPS1_ELFLR0_EMLL0_FSSC10_FL0_GLVWA4_GLVWB4_GRCGA1_GRCGB1_GRPM1_GRVW4_GSU1_GSUASB_GLS0_ISA1100_IU1_K1_KLA_LBSPPA0_LBSPPB0_LPA0_LPB0_LDL1_LRVW4_LWPMn1_LDW0_FMA_MIAV0_MDA2_MO40_MMFGLC_MKFGSU256_NTA0_NTB0_NTC0_NTD0_NEPBS0_NLCA1_NLCB1_ONLL1_OPLV0_PK0_PAP0_PGR1_PLR1_PKA0_SIA1_SLW1_SS0_SU32_SUM3_SUS128_SCIUI1_SPO0_SRVW0_SSO0_SVW4_SNLL0_TSGRA0_TSGRB0_TT8_8_TLDS0_UMLDSA0_UMLDSB0_U64SL1_USFGROn1_VAW1_VSn1_VW4_VWB4_VFLRP0_WSGRA0_WSGRB0_WS32_WG16_16_1_WGM1.kd",1163,2536719791,2181186,6.716001722417366
"naive_conv_ab_nonpacked_bwd_nchw_float_double_float.kd",32,1100952404,34404762,2.914787146691024
"Cijk_Alik_Bljk_SB_MT128x256x16_SN_1LDSB0_APM1_ABV0_ACED0_AF0EM1_AF1EM1_AMAS3_ASE_ASGT_ASLT_ASM_ASAE01_ASCE01_ASEM1_AAC0_BL1_BS1_CLR0_DTLA0_DTLB0_DTVA0_DTVB0_DVO0_ETSP_EPS0_ELFLR0_EMLL0_FSSC10_FL0_GLVWA4_GLVWB4_GRCGA1_GRCGB1_GRPM1_GRVW4_GSU1_GSUASB_GLS0_ISA1100_IU1_K1_KLA_LBSPPA0_LBSPPB0_LPA0_LPB0_LDL1_LRVW4_LWPMn1_LDW0_FMA_MIAV0_MDA2_MO40_MMFGLC_MKFGSU256_NTA0_NTB0_NTC0_NTD0_NEPBS0_NLCA1_NLCB1_ONLL1_OPLV0_PK0_PAP0_PGR1_PLR1_PKA0_SIA1_SLW1_SS0_SU32_SUM3_SUS128_SCIUI1_SPO0_SRVW0_SSO0_SVW4_SNLL0_TSGRA0_TSGRB0_TT8_16_TLDS0_UMLDSA0_UMLDSB0_U64SL1_USFGROn1_VAW1_VSn1_VW4_VWB4_VFLRP0_WSGRA0_WSGRB0_WS32_WG16_16_1_WGM1.kd",584,979757202,1677666,2.593921125828761
"naive_conv_ab_nonpacked_fwd_nchw_float_double_float.kd",96,949997405,9895806,2.515131640044838
"triton_red_fused_max_pool2d_with_indices_max_pool2d_with_indices_backward_native_batch_norm_backward_native_dropout_backward_16.kd",928,754644683,813194,1.9979325303577085
"triton_red_fused_max_pool2d_with_indices_max_pool2d_with_indices_backward_native_batch_norm_backward_native_dropout_backward_17.kd",1112,610617493,549116,1.6166184965622694
"void at::native::(anonymous namespace)::multi_tensor_apply_kernel<at::native::(anonymous namespace)::TensorListScalarListMetadata<float, 3>, at::native::(anonymous namespace)::PointwiseOpScalarListFunctor<float, 3, 3, 0>, std::divides<float> >(at::native::(anonymous namespace)::TensorListScalarListMetadata<float, 3>, at::native::(anonymous namespace)::PointwiseOpScalarListFunctor<float, 3, 3, 0>, std::divides<float>) [clone .kd]",928,451888502,486948,1.1963812355389172
"miopenSp3AsmConv_v30_3_1_gfx11_fp32_f3x2_stride1.kd",176,374447585,2127543,0.9913553064619991
"triton_poi_fused_max_pool2d_with_indices_max_pool2d_with_indices_backward_native_batch_norm_backward_native_dropout_backward_threshold_backward_19.kd",900,373931103,415479,0.9899879130218943
"triton_poi_fused_convolution_relu_0.kd",900,332918125,369909,0.8814054705043141
"triton_red_fused__native_batch_norm_legit_functional_1.kd",1112,327826454,294807,0.8679251991210477
"void at::native::(anonymous namespace)::multi_tensor_apply_kernel<at::native::(anonymous namespace)::TensorListMetadata<3>, at::native::(anonymous namespace)::PointwiseOpScalarFunctor<float, 3, 3, 0>, std::multiplies<float>, float>(at::native::(anonymous namespace)::TensorListMetadata<3>, at::native::(anonymous namespace)::PointwiseOpScalarFunctor<float, 3, 3, 0>, std::multiplies<float>, float) [clone .kd]",928,321609188,346561,0.8514648989677278
"triton_poi_fused_max_pool2d_with_indices_native_dropout_4.kd",928,304838789,328490,0.8070650291164241
"triton_poi_fused__native_batch_norm_legit_functional_3.kd",900,302774382,336415,0.8015994822251354
"triton_red_fused_max_pool2d_with_indices_max_pool2d_with_indices_backward_native_batch_norm_backward_native_dropout_backward_10.kd",1112,274529063,246878,0.7268195984842323
"void at::native::(anonymous namespace)::multi_tensor_apply_kernel<at::native::(anonymous namespace)::TensorListMetadata<2>, at::native::(anonymous namespace)::TernaryOpScalarFunctor<float, 2, 2, 0>, at::native::LerpFunctor<float>, float>(at::native::(anonymous namespace)::TensorListMetadata<2>, at::native::(anonymous namespace)::TernaryOpScalarFunctor<float, 2, 2, 0>, at::native::LerpFunctor<float>, float) [clone .kd]",928,265628877,286238,0.7032562294759938
"triton_red_fused_convolution_backward_20.kd",1140,252714259,221679,0.6690645946568516
"void at::native::(anonymous namespace)::multi_tensor_apply_kernel<at::native::(anonymous namespace)::TensorListMetadata<2>, at::native::(anonymous namespace)::UnaryOpFunctor<float, 2, 1, 1>, at::native::Sqrt<float> >(at::native::(anonymous namespace)::TensorListMetadata<2>, at::native::(anonymous namespace)::UnaryOpFunctor<float, 2, 1, 1>, at::native::Sqrt<float>) [clone .kd]",928,251855129,271395,0.6667900357638074
"triton_red_fused_max_pool2d_with_indices_max_pool2d_with_indices_backward_native_batch_norm_backward_native_dropout_backward_9.kd",928,205979445,221960,0.5453335099566672
"Cijk_Ailk_Bljk_SB_MT128x128x8_SN_1LDSB0_APM1_ABV0_ACED0_AF0EM1_AF1EM1_AMAS3_ASE_ASGT_ASLT_ASM_ASAE01_ASCE01_ASEM1_AAC0_BL1_BS1_CLR0_DTLA0_DTLB0_DTVA0_DTVB0_DVO0_ETSP_EPS0_ELFLR0_EMLL0_FSSC10_FL0_GLVWA4_GLVWB4_GRCGA1_GRCGB1_GRPM1_GRVW4_GSU1_GSUASB_GLS0_ISA1100_IU1_K1_KLA_LBSPPA0_LBSPPB0_LPA0_LPB0_LDL1_LRVW4_LWPMn1_LDW0_FMA_MIAV0_MDA2_MO40_MMFGLC_MKFGSU256_NTA0_NTB0_NTC0_NTD0_NEPBS0_NLCA1_NLCB1_ONLL1_OPLV0_PK0_PAP0_PGR1_PLR1_PKA0_SIA1_SLW1_SS0_SU32_SUM3_SUS128_SCIUI1_SPO0_SRVW0_SSO0_SVW4_SNLL0_TSGRA0_TSGRB0_TT8_8_TLDS0_UMLDSA0_UMLDSB0_U64SL1_USFGROn1_VAW1_VSn1_VW4_VWB4_VFLRP0_WSGRA0_WSGRB0_WS32_WG16_16_1_WGM1.kd",928,197565633,212894,0.5230578230303551
"Cijk_Alik_Bljk_SB_MT128x128x32_SN_1LDSB0_APM1_ABV0_ACED0_AF0EM1_AF1EM1_AMAS3_ASE_ASGT_ASLT_ASM_ASAE01_ASCE01_ASEM1_AAC0_BL1_BS1_CLR0_DTLA0_DTLB0_DTVA0_DTVB0_DVO0_ETSP_EPS0_ELFLR0_EMLL0_FSSC10_FL0_GLVWA4_GLVWB4_GRCGA1_GRCGB1_GRPM1_GRVW4_GSU1_GSUASB_GLS0_ISA1100_IU1_K1_KLA_LBSPPA0_LBSPPB0_LPA0_LPB0_LDL1_LRVW4_LWPMn1_LDW0_FMA_MIAV0_MDA2_MO40_MMFGLC_MKFGSU256_NTA0_NTB0_NTC0_NTD0_NEPBS0_NLCA1_NLCB1_ONLL1_OPLV0_PK0_PAP0_PGR1_PLR1_PKA0_SIA1_SLW1_SS0_SU32_SUM3_SUS128_SCIUI1_SPO0_SRVW0_SSO0_SVW4_SNLL0_TSGRA0_TSGRB0_TT8_16_TLDS0_UMLDSA0_UMLDSB0_U64SL1_USFGROn1_VAW1_VSn1_VW4_VWB4_VFLRP0_WSGRA0_WSGRB0_WS32_WG16_8_1_WGM4.kd",584,190991792,327040,0.5056534854935341
"void at::native::(anonymous namespace)::multi_tensor_apply_kernel<at::native::(anonymous namespace)::TensorListMetadata<1>, at::native::(anonymous namespace)::BinaryOpScalarFunctor<float, 1, 1, 0>, std::multiplies<float>, float>(at::native::(anonymous namespace)::TensorListMetadata<1>, at::native::(anonymous namespace)::BinaryOpScalarFunctor<float, 1, 1, 0>, std::multiplies<float>, float) [clone .kd]",928,172616258,186008,0.4570039979024394
"triton_red_fused_max_pool2d_with_indices_max_pool2d_with_indices_backward_native_batch_norm_backward_native_dropout_backward_relu_5.kd",392,162343543,414141,0.4298068388473963
"triton_poi_fused_max_pool2d_with_indices_native_dropout_9.kd",928,149432003,161025,0.3956233530770278
"triton_poi_fused_max_pool2d_with_indices_max_pool2d_with_indices_backward_native_batch_norm_backward_native_dropout_backward_threshold_backward_12.kd",900,131643038,146270,0.34852681525527424
"void at::native::(anonymous namespace)::multi_tensor_apply_kernel<at::native::(anonymous namespace)::TensorListScalarListMetadata<float, 1>, at::native::(anonymous namespace)::BinaryOpScalarListFunctor<float, 1, 1, 0>, std::divides<float> >(at::native::(anonymous namespace)::TensorListScalarListMetadata<float, 1>, at::native::(anonymous namespace)::BinaryOpScalarListFunctor<float, 1, 1, 0>, std::divides<float>) [clone .kd]",928,129459142,139503,0.3427449195371829
"triton_red_fused__native_batch_norm_legit_functional_6.kd",1112,110488578,99360,0.2925200815589196
"Cijk_Ailk_Bjlk_SB_MT128x128x8_SN_1LDSB0_APM1_ABV0_ACED0_AF0EM1_AF1EM1_AMAS3_ASE_ASGT_ASLT_ASM_ASAE01_ASCE01_ASEM1_AAC0_BL1_BS1_CLR0_DTLA0_DTLB0_DTVA0_DTVB0_DVO0_ETSP_EPS0_ELFLR0_EMLL0_FSSC10_FL0_GLVWA4_GLVWB4_GRCGA1_GRCGB1_GRPM1_GRVW4_GSU1_GSUASB_GLS0_ISA1100_IU1_K1_KLA_LBSPPA0_LBSPPB0_LPA0_LPB0_LDL1_LRVW4_LWPMn1_LDW0_FMA_MIAV0_MDA2_MO40_MMFGLC_MKFGSU256_NTA0_NTB0_NTC0_NTD0_NEPBS0_NLCA1_NLCB1_ONLL1_OPLV0_PK0_PAP0_PGR1_PLR1_PKA0_SIA1_SLW1_SS0_SU0_SUM0_SUS0_SCIUI1_SPO0_SRVW0_SSO0_SVW4_SNLL0_TSGRA0_TSGRB0_TT8_16_TLDS0_UMLDSA0_UMLDSB0_U64SL1_USFGROn1_VAW1_VSn1_VW4_VWB4_VFLRP0_WSGRA0_WSGRB0_WS32_WG16_8_1_WGM4.kd",928,107396977,115729,0.2843350239444788
"triton_poi_fused__native_batch_norm_legit_functional_8.kd",900,103659701,115177,0.27444053258512585
"triton_poi_fused__native_batch_norm_legit_no_training_convolution_max_pool2d_with_indices_relu_1.kd",263,101770206,386958,0.2694380677013334
"triton_poi_fused_convolution_relu_5.kd",900,97968904,108854,0.2593740665964401
"triton_poi_fused_native_dropout_backward_15.kd",928,94378308,101700,0.24986791262308433
"triton_red_fused_max_pool2d_with_indices_max_pool2d_with_indices_backward_native_batch_norm_backward_native_dropout_backward_5.kd",1112,88426881,79520,0.23411142500287116
"triton_poi_fused__native_batch_norm_legit_no_training_convolution_relu_0.kd",263,87868446,334100,0.23263296039863526
"triton_red_fused_convolution_backward_13.kd",1140,78786728,69111,0.20858898283875477
"triton_red_fused_max_pool2d_with_indices_max_pool2d_with_indices_backward_native_batch_norm_backward_native_dropout_backward_relu_17.kd",174,64923749,373124,0.17188654878507736
"void at::native::(anonymous namespace)::multi_tensor_apply_kernel<at::native::(anonymous namespace)::TensorListMetadata<1>, at::native::(anonymous namespace)::BinaryOpScalarFunctor<float, 1, 1, 0>, std::plus<float>, float>(at::native::(anonymous namespace)::TensorListMetadata<1>, at::native::(anonymous namespace)::BinaryOpScalarFunctor<float, 1, 1, 0>, std::plus<float>, float) [clone .kd]",928,61604402,66384,0.1630985303967662
"triton_poi_fused_max_pool2d_with_indices_max_pool2d_with_indices_backward_native_batch_norm_backward_native_dropout_backward_threshold_backward_6.kd",900,57213908,63571,0.151474635092729
"triton_red_fused__native_batch_norm_legit_functional_relu_1.kd",217,53333681,245777,0.14120167892791055
"triton_red_fused_max_pool2d_with_indices_max_pool2d_with_indices_backward_native_batch_norm_backward_native_dropout_backward_relu_10.kd",240,47373079,197387,0.1254209003647159
"void at::native::vectorized_elementwise_kernel<4, at::native::FillFunctor<int>, std::array<char*, 1ul> >(int, at::native::FillFunctor<int>, std::array<char*, 1ul>) [clone .kd]",6849,39533085,5772,0.1046644047539077
"Cijk_Alik_Bljk_S_B_Bias_HA_S_SAV_UserArgs_MT16x16x8_SN_LDSB0_AFC1_AFEM1_AFEM1_ASEM1_CLR0_CADS0_DTVA0_DTVB0_EPS1_FDSI0_GRPM1_GRVWA1_GRVWB1_GSUAMB_GLS0_ISA1100_IU1_K1_LBSPPA0_LBSPPB0_LBSPPM0_LPA0_LPB0_LPM0_LRVW1_LWPMn1_MIAV0_MO40_NTn1_NTA0_NTB0_NTC0_NTD0_NTM0_NEPBS0_NLCA1_NLCB1_ONLL1_PGR1_PLR0_PKA0_SIA1_SS0_SPO0_SRVW0_SSO0_SVW1_SK0_SKXCCM0_TT2_2_TLDS0_ULSGRO0_USL1_UIOFGRO0_USFGROn1_VSn1_VWA1_VWB1_WSGRA0_WSGRB0_WS64_WG8_8_1.kd",28,35098975,1253534,0.09292503546958927
"triton_red_fused__native_batch_norm_legit_functional_11.kd",1112,34258515,30808,0.09069990566705882
"triton_poi_fused_max_pool2d_with_indices_native_dropout_13.kd",928,33767476,36387,0.08939987293128943
"triton_poi_fused_convolution_relu_10.kd",900,33708846,37454,0.08924464917248787
"triton_poi_fused__native_batch_norm_legit_functional_12.kd",900,32602493,36224,0.08631556387108273
"Cijk_Ailk_Bljk_SB_MT64x64x8_SN_1LDSB0_APM1_ABV0_ACED0_AF0EM1_AF1EM1_AMAS0_ASE_ASGT_ASLT_ASM_ASAE01_ASCE01_ASEM1_AAC0_BL1_BS1_CLR0_DTLA0_DTLB0_DTVA0_DTVB0_DVO0_ETSP_EPS1_ELFLR0_EMLL0_FSSC10_FL0_GLVWA1_GLVWB1_GRCGA1_GRCGB1_GRPM1_GRVW1_GSU1_GSUASB_GLS0_ISA1100_IU1_K1_KLA_LBSPPA0_LBSPPB0_LPA0_LPB0_LDL1_LRVW1_LWPMn1_LDW0_FMA_MIAV0_MDA2_MO40_MMFGLC_MKFGSU256_NTA0_NTB0_NTC0_NTD0_NEPBS0_NLCA1_NLCB1_ONLL1_OPLV0_PK0_PAP0_PGR1_PLR1_PKA0_SIA1_SLW1_SS0_SU0_SUM0_SUS0_SCIUI1_SPO0_SRVW0_SSO0_SVW4_SNLL0_TSGRA0_TSGRB0_TT4_4_TLDS0_UMLDSA0_UMLDSB0_U64SL1_USFGROn1_VAW1_VSn1_VW1_VWB1_VFLRP0_WSGRA0_WSGRB0_WS32_WG16_16_1_WGM4.kd",1440,32403934,22502,0.08578987609479279
"Cijk_Alik_Bljk_S_B_Bias_HA_S_SAV_UserArgs_MT16x16x16_SN_LDSB0_AFC1_AFEM1_AFEM1_ASEM1_CLR0_CADS0_DTVA0_DTVB0_EPS1_FDSI0_GRPM1_GRVWA1_GRVWB1_GSUAMB_GLS0_ISA1100_IU1_K1_LBSPPA0_LBSPPB0_LBSPPM0_LPA0_LPB0_LPM0_LRVW1_LWPMn1_MIAV0_MO40_NTn1_NTA0_NTB0_NTC0_NTD0_NTM0_NEPBS0_NLCA1_NLCB1_ONLL1_PGR1_PLR0_PKA0_SIA1_SS0_SPO0_SRVW0_SSO0_SVW1_SK0_SKXCCM0_TT2_2_TLDS0_ULSGRO0_USL1_UIOFGRO0_USFGROn1_VSn1_VWA1_VWB1_WSGRA0_WSGRB0_WS64_WG8_8_1.kd",1191,31571136,26508,0.08358503154622683
"Cijk_Alik_Bljk_SB_MT64x64x8_SN_1LDSB0_APM1_ABV0_ACED0_AF0EM1_AF1EM1_AMAS0_ASE_ASGT_ASLT_ASM_ASAE01_ASCE01_ASEM1_AAC0_BL1_BS1_CLR0_DTLA0_DTLB0_DTVA0_DTVB0_DVO0_ETSP_EPS1_ELFLR0_EMLL0_FSSC10_FL0_GLVWA1_GLVWB1_GRCGA1_GRCGB1_GRPM1_GRVW1_GSU1_GSUASB_GLS0_ISA1100_IU1_K1_KLA_LBSPPA0_LBSPPB0_LPA0_LPB0_LDL1_LRVW1_LWPMn1_LDW0_FMA_MIAV0_MDA2_MO40_MMFGLC_MKFGSU256_NTA0_NTB0_NTC0_NTD0_NEPBS0_NLCA1_NLCB1_ONLL1_OPLV0_PK0_PAP0_PGR1_PLR1_PKA0_SIA1_SLW1_SS0_SU32_SUM3_SUS128_SCIUI1_SPO0_SRVW0_SSO0_SVW4_SNLL0_TSGRA0_TSGRB0_TT4_4_TLDS0_UMLDSA0_UMLDSB0_U64SL1_USFGROn1_VAW1_VSn1_VW1_VWB1_VFLRP0_WSGRA0_WSGRB0_WS32_WG16_16_1_WGM1.kd",584,31409704,53783,0.08315763803043537
"triton_poi_fused__native_batch_norm_legit_no_training_convolution_max_pool2d_with_indices_relu_2.kd",263,27948427,106267,0.07399385794867874
"triton_poi_fused_native_dropout_backward_8.kd",928,26685341,28755,0.07064981980080856
"__amd_rocclr_copyBuffer.kd",5696,25152252,4415,0.06659094487061368
"Im2d2Col_v2.kd",3912,22958336,5868,0.060782521060023784
"triton_red_fused__native_batch_norm_legit_functional_relu_6.kd",240,16894502,70393,0.04472843430872403
"triton_red_fused_convolution_backward_7.kd",928,16605587,17893,0.043963527737443914
"triton_poi_fused__native_batch_norm_legit_no_training_convolution_max_pool2d_with_indices_relu_3.kd",263,12562078,47764,0.0332582801555244
"triton_poi_fused_max_pool2d_with_indices_max_pool2d_with_indices_backward_native_batch_norm_backward_native_dropout_backward_relu_threshold_backward_19.kd",28,12216875,436316,0.032344350303749284
"Col2Im2dU.kd",1168,11309495,9682,0.029942048849521747
"triton_poi_fused_convolution_0.kd",28,11068271,395295,0.029303404878975137
"triton_poi_fused_native_dropout_backward_4.kd",928,10370513,11175,0.027456080650869054
"Cijk_Ailk_Bjlk_SB_MT64x32x16_SN_1LDSB0_APM1_ABV0_ACED0_AF0EM1_AF1EM1_AMAS0_ASE_ASGT_ASLT_ASM_ASAE01_ASCE01_ASEM1_AAC0_BL1_BS1_CLR0_DTLA0_DTLB0_DTVA0_DTVB0_DVO0_ETSP_EPS1_ELFLR0_EMLL0_FSSC10_FL0_GLVWA1_GLVWB1_GRCGA1_GRCGB1_GRPM1_GRVW1_GSU1_GSUASB_GLS0_ISA1100_IU1_K1_KLA_LBSPPA0_LBSPPB0_LPA0_LPB0_LDL1_LRVW1_LWPMn1_LDW0_FMA_MIAV0_MDA2_MO40_MMFGLC_MKFGSU256_NTA0_NTB0_NTC0_NTD0_NEPBS0_NLCA1_NLCB1_ONLL1_OPLV0_PK0_PAP0_PGR1_PLR1_PKA0_SIA1_SLW1_SS0_SU0_SUM0_SUS0_SCIUI1_SPO0_SRVW0_SSO0_SVW4_SNLL0_TSGRA0_TSGRB0_TT4_4_TLDS0_UMLDSA0_UMLDSB0_U64SL1_USFGROn1_VAW1_VSn1_VW1_VWB1_VFLRP0_WSGRA0_WSGRB0_WS32_WG16_8_1_WGM4.kd",928,10362865,11166,0.02743583246210367
"Cijk_Ailk_Bljk_SB_MT128x128x8_SN_1LDSB0_APM1_ABV0_ACED0_AF0EM1_AF1EM1_AMAS3_ASE_ASGT_ASLT_ASM_ASAE01_ASCE01_ASEM1_AAC0_BL1_BS1_CLR0_DTLA0_DTLB0_DTVA0_DTVB0_DVO0_ETSP_EPS0_ELFLR0_EMLL0_FSSC10_FL0_GLVWA4_GLVWB4_GRCGA1_GRCGB1_GRPM1_GRVW4_GSU1_GSUASB_GLS0_ISA1100_IU1_K1_KLA_LBSPPA0_LBSPPB0_LPA0_LPB0_LDL1_LRVW4_LWPMn1_LDW0_FMA_MIAV0_MDA2_MO40_MMFGLC_MKFGSU256_NTA0_NTB0_NTC0_NTD0_NEPBS0_NLCA1_NLCB1_ONLL1_OPLV0_PK0_PAP0_PGR1_PLR1_PKA0_SIA1_SLW1_SS0_SU0_SUM0_SUS0_SCIUI1_SPO0_SRVW0_SSO0_SVW4_SNLL0_TSGRA0_TSGRB0_TT8_16_TLDS0_UMLDSA0_UMLDSB0_U64SL1_USFGROn1_VAW1_VSn1_VW4_VWB4_VFLRP0_WSGRA0_WSGRB0_WS32_WG16_8_1_WGM1.kd",720,10324019,14338,0.027332987124658585
"triton_poi_fused__native_batch_norm_legit_functional_relu_3.kd",28,9771263,348973,0.02586955775368612
"Cijk_Ailk_Bjlk_SB_MT128x128x16_SN_1LDSB0_APM1_ABV0_ACED0_AF0EM1_AF1EM1_AMAS3_ASE_ASGT_ASLT_ASM_ASAE01_ASCE01_ASEM1_AAC0_BL1_BS1_CLR0_DTLA0_DTLB0_DTVA0_DTVB0_DVO0_ETSP_EPS0_ELFLR0_EMLL0_FSSC10_FL0_GLVWA4_GLVWB4_GRCGA1_GRCGB1_GRPM1_GRVW4_GSU1_GSUASB_GLS0_ISA1100_IU1_K1_KLA_LBSPPA0_LBSPPB0_LPA0_LPB0_LDL1_LRVW4_LWPMn1_LDW0_FMA_MIAV0_MDA2_MO40_MMFGLC_MKFGSU256_NTA0_NTB0_NTC0_NTD0_NEPBS0_NLCA1_NLCB1_ONLL1_OPLV0_PK0_PAP0_PGR1_PLR1_PKA0_SIA1_SLW1_SS0_SU0_SUM0_SUS0_SCIUI1_SPO0_SRVW0_SSO0_SVW4_SNLL0_TSGRA0_TSGRB0_TT8_16_TLDS0_UMLDSA0_UMLDSB0_U64SL1_USFGROn1_VAW1_VSn1_VW4_VWB4_VFLRP0_WSGRA0_WSGRB0_WS32_WG16_8_1_WGM4.kd",584,9756095,16705,0.0258294002579757
"triton_poi_fused__native_batch_norm_legit_no_training_convolution_max_pool2d_with_indices_relu_4.kd",263,9239260,35130,0.02446107224535068
"Cijk_Ailk_Bjlk_SB_MT128x64x8_SN_1LDSB0_APM1_ABV0_ACED0_AF0EM1_AF1EM1_AMAS3_ASE_ASGT_ASLT_ASM_ASAE01_ASCE01_ASEM1_AAC0_BL1_BS1_CLR0_DTLA0_DTLB0_DTVA0_DTVB0_DVO0_ETSP_EPS1_ELFLR0_EMLL0_FSSC10_FL0_GLVWA4_GLVWB4_GRCGA1_GRCGB1_GRPM1_GRVW4_GSU1_GSUASB_GLS0_ISA1100_IU1_K1_KLA_LBSPPA0_LBSPPB0_LPA0_LPB0_LDL1_LRVW4_LWPMn1_LDW0_FMA_MIAV0_MDA2_MO40_MMFGLC_MKFGSU256_NTA0_NTB0_NTC0_NTD0_NEPBS0_NLCA1_NLCB1_ONLL1_OPLV0_PK0_PAP0_PGR1_PLR1_PKA0_SIA1_SLW1_SS0_SU0_SUM0_SUS0_SCIUI1_SPO0_SRVW0_SSO0_SVW4_SNLL0_TSGRA0_TSGRB0_TT8_8_TLDS0_UMLDSA0_UMLDSB0_U64SL1_USFGROn1_VAW1_VSn1_VW4_VWB4_VFLRP0_WSGRA0_WSGRB0_WS32_WG16_8_1_WGM1.kd",584,8820307,15103,0.023351888219746205
"triton_red_fused__native_batch_norm_legit_functional_relu_11.kd",240,6893641,28723,0.018251012584829467
"triton_red_fused__native_batch_norm_legit_functional_15.kd",900,6325044,7027,0.016745643941075566
"triton_poi_fused_add_17.kd",3600,5772989,1603,0.015284070477572314
"triton_poi_fused__native_batch_norm_legit_no_training_convolution_max_pool2d_with_indices_relu_5.kd",263,5034345,19141,0.01332849998300946
"void at::native::(anonymous namespace)::distribution_elementwise_grid_stride_kernel<unsigned long, 2, at::native::templates::cuda::random_from_to_kernel<at::CUDAGeneratorImpl*>(at::TensorIteratorBase&, unsigned long, long, at::CUDAGeneratorImpl*)::{lambda()#1}::operator()() const::{lambda()#4}::operator()() const::{lambda(hiprandStatePhilox4_32_10*)#1}, at::native::(anonymous namespace)::distribution_nullary_kernel<long, unsigned long, HIP_vector_type<unsigned long long, 2u>, at::CUDAGeneratorImpl*, at::native::templates::cuda::random_from_to_kernel<at::CUDAGeneratorImpl*>(at::TensorIteratorBase&, unsigned long, long, at::CUDAGeneratorImpl*)::{lambda()#1}::operator()() const::{lambda()#4}::operator()() const::{lambda(hiprandStatePhilox4_32_10*)#1}, at::native::templates::cuda::random_from_to_kernel<at::CUDAGeneratorImpl*>(at::TensorIteratorBase&, unsigned long, long, at::CUDAGeneratorImpl*)::{lambda()#1}::operator()() const::{lambda()#4}::operator()() const::{lambda(unsigned long)#1}>(at::TensorIteratorBase&, at::CUDAGeneratorImpl*, at::native::templates::cuda::random_from_to_kernel<at::CUDAGeneratorImpl*>(at::TensorIteratorBase&, unsigned long, long, at::CUDAGeneratorImpl*)::{lambda()#1}::operator()() const::{lambda()#4}::operator()() const::{lambda(hiprandStatePhilox4_32_10*)#1} const&, at::native::templates::cuda::random_from_to_kernel<at::CUDAGeneratorImpl*>(at::TensorIteratorBase&, unsigned long, long, at::CUDAGeneratorImpl*)::{lambda()#1}::operator()() const::{lambda()#4}::operator()() const::{lambda(unsigned long)#1})::{lambda(int, unsigned long)#1}>(long, at::PhiloxCudaState, at::native::templates::cuda::random_from_to_kernel<at::CUDAGeneratorImpl*>(at::TensorIteratorBase&, unsigned long, long, at::CUDAGeneratorImpl*)::{lambda()#1}::operator()() const::{lambda()#4}::operator()() const::{lambda(hiprandStatePhilox4_32_10*)#1}, at::native::(anonymous namespace)::distribution_nullary_kernel<long, unsigned long, HIP_vector_type<unsigned long long, 2u>, at::CUDAGeneratorImpl*, at::native::templates::cuda::random_from_to_kernel<at::CUDAGeneratorImpl*>(at::TensorIteratorBase&, unsigned long, long, at::CUDAGeneratorImpl*)::{lambda()#1}::operator()() const::{lambda()#4}::operator()() const::{lambda(hiprandStatePhilox4_32_10*)#1}, at::native::templates::cuda::random_from_to_kernel<at::CUDAGeneratorImpl*>(at::TensorIteratorBase&, unsigned long, long, at::CUDAGeneratorImpl*)::{lambda()#1}::operator()() const::{lambda()#4}::operator()() const::{lambda(unsigned long)#1}>(at::TensorIteratorBase&, at::CUDAGeneratorImpl*, at::native::templates::cuda::random_from_to_kernel<at::CUDAGeneratorImpl*>(at::TensorIteratorBase&, unsigned long, long, at::CUDAGeneratorImpl*)::{lambda()#1}::operator()() const::{lambda()#4}::operator()() const::{lambda(hiprandStatePhilox4_32_10*)#1} const&, at::native::templates::cuda::random_from_to_kernel<at::CUDAGeneratorImpl*>(at::TensorIteratorBase&, unsigned long, long, at::CUDAGeneratorImpl*)::{lambda()#1}::operator()() const::{lambda()#4}::operator()() const::{lambda(unsigned long)#1})::{lambda(int, unsigned long)#1}) [clone .kd]",928,4809916,5183,0.012734321013811513
"triton_poi_fused_max_pool2d_with_indices_max_pool2d_with_indices_backward_native_batch_norm_backward_native_dropout_backward_relu_threshold_backward_12.kd",28,4527987,161713,0.011987909976882205
"void at::native::(anonymous namespace)::nll_loss_forward_reduce_cuda_kernel_2d<float, float, long>(float*, float*, float const*, long const*, float const*, bool, long, long, long, long) [clone .kd]",1184,4331499,3658,0.011467705202544818
"void at::native::vectorized_elementwise_kernel<4, at::native::FillFunctor<float>, std::array<char*, 1ul> >(int, at::native::FillFunctor<float>, std::array<char*, 1ul>) [clone .kd]",1902,3855788,2027,0.01020825356476127
"triton_poi_fused__native_batch_norm_legit_functional_native_dropout_16.kd",900,3692378,4102,0.009775623265839846
"triton_per_fused__native_batch_norm_legit_functional_7.kd",900,3607536,4008,0.009551002864266555
"triton_poi_fused__native_batch_norm_legit_functional_relu_8.kd",28,3471702,123989,0.00919138041751487
"triton_red_fused_native_batch_norm_backward_native_dropout_backward_1.kd",900,3467301,3852,0.009179728707426423
"triton_poi_fused_native_batch_norm_backward_native_dropout_backward_threshold_backward_2.kd",900,3288698,3654,0.008706874724939041
"void at::native::reduce_kernel<512, 1, at::native::ReduceOp<float, at::native::MaxOps<float>, unsigned int, float, 4, 4> >(at::native::ReduceOp<float, at::native::MaxOps<float>, unsigned int, float, 4, 4>) [clone .kd]",263,3113099,11836,0.00824197387517279
"triton_per_fused__native_batch_norm_legit_functional_2.kd",900,3098579,3442,0.008203531968677845
"void (anonymous namespace)::softmax_warp_forward<float, float, float, 3, true, false>(float*, float const*, int, int, int, bool const*, int, bool) [clone .kd]",1184,2984222,2520,0.00790077018485949
"triton_poi_fused_convolution_5.kd",28,2810982,100392,0.007442114821141557
"Cijk_Ailk_Bljk_SB_MT32x32x16_SN_1LDSB0_APM1_ABV0_ACED0_AF0EM1_AF1EM1_AMAS0_ASE_ASGT_ASLT_ASM_ASAE01_ASCE01_ASEM1_AAC0_BL1_BS1_CLR0_DTLA0_DTLB0_DTVA0_DTVB0_DVO0_ETSP_EPS1_ELFLR0_EMLL0_FSSC10_FL0_GLVWA1_GLVWB1_GRCGA1_GRCGB1_GRPM1_GRVW1_GSU1_GSUASB_GLS0_ISA1100_IU1_K1_KLA_LBSPPA0_LBSPPB0_LPA0_LPB0_LDL1_LRVW1_LWPMn1_LDW0_FMA_MIAV0_MDA2_MO40_MMFGLC_MKFGSU256_NTA0_NTB0_NTC0_NTD0_NEPBS0_NLCA1_NLCB1_ONLL1_OPLV0_PK0_PAP0_PGR1_PLR1_PKA0_SIA1_SLW1_SS0_SU0_SUM0_SUS0_SCIUI1_SPO0_SRVW0_SSO0_SVW4_SNLL0_TSGRA0_TSGRB0_TT2_2_TLDS0_UMLDSA0_UMLDSB0_U64SL1_USFGROn1_VAW1_VSn1_VW1_VWB1_VFLRP0_WSGRA0_WSGRB0_WS32_WG16_16_1_WGM1.kd",928,2720136,2931,0.007201598744182891
"triton_per_fused_max_pool2d_with_indices_max_pool2d_with_indices_backward_native_batch_norm_backward_native_dropout_backward_18.kd",900,2630337,2922,0.006963854614614046
"triton_per_fused_max_pool2d_with_indices_max_pool2d_with_indices_backward_native_batch_norm_backward_native_dropout_backward_11.kd",900,2546495,2829,0.0067418817272621705
"triton_red_fused_sum_3.kd",900,2450339,2722,0.00648730734978779
"triton_per_fused_convolution_backward_14.kd",928,2427493,2615,0.006426822239885344
"void at::native::(anonymous namespace)::nll_loss_backward_reduce_cuda_kernel_2d<float, long>(float*, float const*, long const*, float const*, float const*, bool, int, int, long, long) [clone .kd]",928,2341090,2522,0.0061980690686124235
"void (anonymous namespace)::softmax_warp_backward<float, float, float, 3, true, false>(float*, float const*, float const*, int, int, int, bool const*) [clone .kd]",928,2284618,2461,0.006048558645500676
"void at::native::elementwise_kernel_manual_unroll<128, 4, at::native::gpu_kernel_impl<at::native::direct_copy_kernel_cuda(at::TensorIteratorBase&)::{lambda()#3}::operator()() const::{lambda()#4}::operator()() const::{lambda(long)#1}>(at::TensorIteratorBase&, at::native::direct_copy_kernel_cuda(at::TensorIteratorBase&)::{lambda()#3}::operator()() const::{lambda()#4}::operator()() const::{lambda(long)#1} const&)::{lambda(int, bool)#1}>(int, at::native::gpu_kernel_impl<at::native::direct_copy_kernel_cuda(at::TensorIteratorBase&)::{lambda()#3}::operator()() const::{lambda()#4}::operator()() const::{lambda(long)#1}>(at::TensorIteratorBase&, at::native::direct_copy_kernel_cuda(at::TensorIteratorBase&)::{lambda()#3}::operator()() const::{lambda()#4}::operator()() const::{lambda(long)#1} const&)::{lambda(int, bool)#1}) [clone .kd]",263,2124772,8078,0.005625364087264375
"triton_poi_fused_addmm_relu_14.kd",900,2059849,2288,0.00545347952146745
"triton_red_fused_sum_0.kd",900,2005054,2227,0.005308408979705016
"triton_per_fused_convolution_backward_21.kd",928,1961490,2113,0.005193072670163293
"void at::native::reduce_kernel<512, 1, at::native::ReduceOp<long, at::native::func_wrapper_t<long, at::native::sum_functor<long, long, long>::operator()(at::TensorIterator&)::{lambda(long, long)#2}>, unsigned int, long, 4, 4> >(at::native::ReduceOp<long, at::native::func_wrapper_t<long, at::native::sum_functor<long, long, long>::operator()(at::TensorIterator&)::{lambda(long, long)#2}>, unsigned int, long, 4, 4>) [clone .kd]",263,1844371,7012,0.004882998452065391
"triton_poi_fused_max_pool2d_with_indices_max_pool2d_with_indices_backward_native_batch_norm_backward_native_dropout_backward_relu_threshold_backward_6.kd",28,1821012,65036,0.0048211551673673575
"triton_per_fused__native_batch_norm_legit_functional_relu_14.kd",346,1152803,3331,0.003052062336989867
"void at::native::vectorized_elementwise_kernel<4, at::native::BinaryFunctor<long, long, bool, at::native::(anonymous namespace)::CompareEqFunctor<long> >, std::array<char*, 3ul> >(int, at::native::BinaryFunctor<long, long, bool, at::native::(anonymous namespace)::CompareEqFunctor<long> >, std::array<char*, 3ul>) [clone .kd]",263,1125086,4277,0.002978681185314908
"triton_poi_fused_convolution_10.kd",28,1099765,39277,0.002911643477714459
"triton_poi_fused__native_batch_norm_legit_functional_relu_12.kd",28,1071923,38282,0.0028379313867618224
"triton_poi_fused__native_batch_norm_legit_no_training_addmm_relu_6.kd",263,726166,2761,0.001922534812108039
"triton_poi_fused_add_16.kd",112,178240,1591,0.0004718929348250082
"SubTensorOpWithScalar1d.kd",48,117880,2455,0.00031208897642039926
"triton_per_fused_native_batch_norm_backward_native_dropout_backward_relu_1.kd",28,116880,4174,0.00030944146219898425
"triton_per_fused__native_batch_norm_legit_functional_relu_2.kd",28,111200,3971,0.0002944035814213471
"triton_poi_fused__native_batch_norm_legit_functional_native_dropout_relu_15.kd",28,108320,3868,0.00028677874046367194
"__amd_rocclr_fillBufferAligned.kd",3,101720,33906,0.000269305146602333
"triton_per_fused__native_batch_norm_legit_functional_relu_7.kd",28,84320,3011,0.00022323839914971212
"triton_per_fused_max_pool2d_with_indices_max_pool2d_with_indices_backward_native_batch_norm_backward_native_dropout_backward_relu_18.kd",28,83040,2965,0.00021984958094630096
"triton_per_fused_sum_3.kd",28,82960,2962,0.00021963777980858775
"triton_poi_fused_native_batch_norm_backward_native_dropout_backward_relu_threshold_backward_2.kd",28,64841,2315,0.0001716674696307695
"triton_per_fused_sum_0.kd",28,60161,2148,0.00015927710307454734
"triton_per_fused_max_pool2d_with_indices_max_pool2d_with_indices_backward_native_batch_norm_backward_native_dropout_backward_relu_11.kd",28,59562,2127,0.00015769124205591975
